{
  "growth_analysis": {
    "qoq": {
      "exports": [
        0.23357723798384247,
        -0.22906284454244763,
        0.008752359704822386,
        0.13751843030509242,
        0.26865746049154987,
        0.23127554228230113,
        -0.0009733990776645023,
        -0.26773791649362677
      ],
      "imports": [
        0.06754171596651656,
        0.03839819351363675,
        -0.05344745032319851,
        -0.06257772157234692,
        0.21287885601223147,
        0.07355776360670314,
        -0.058442119077220654,
        -0.20242996653064968
      ],
      "quarters": [
        "2023Q2",
        "2023Q3",
        "2023Q4",
        "2024Q1",
        "2024Q2",
        "2024Q3",
        "2024Q4",
        "2025Q1"
      ]
    },
    "yoy": {
      "exports": [
        0.09126023447487967,
        0.12229327453142223,
        0.792431783078771,
        0.775150277872292,
        0.14272894959868385
      ],
      "imports": [
        -0.01637676511892789,
        0.11753555484198439,
        0.15537467081637538,
        0.14927811149752343,
        -0.022180501843691
      ],
      "quarters": [
        "2024Q1",
        "2024Q2",
        "2024Q3",
        "2024Q4",
        "2025Q1"
      ]
    },
    "cagr": {
      "exports": 0.10308653174408033,
      "imports": -0.017158873795751206,
      "commodities": {}
    },
    "insights": [
      "Exports increased by 23.4% from 2023Q1 to 2023Q2",
      "Exports decreased by 22.9% from 2023Q2 to 2023Q3",
      "Exports increased by 13.8% from 2023Q4 to 2024Q1",
      "Exports increased by 26.9% from 2024Q1 to 2024Q2",
      "Imports increased by 21.3% from 2024Q1 to 2024Q2",
      "Exports increased by 23.1% from 2024Q2 to 2024Q3",
      "Exports show positive CAGR of 10.3% over the analyzed period"
    ]
  }
}