{
  "commodities": [
    {
      "sitc_section": "9",
      "description": "Other commodities & transactions, n.e.s",
      "quarterly_values": {
        "2023Q1": 190.283651923828,
        "2023Q2": 302.692883632857,
        "2023Q3": 188.01380855229,
        "2023Q4": 202.617472678406,
        "2024Q1": 253.370021985635,
        "2024Q2": 350.854301818733,
        "2024Q3": 434.692334665867,
        "2024Q4": 438.148347907148,
        "2025Q1": 276.311671047685
      },
      "total_exports": 2636.984494212449,
      "average_exports": 292.99827713471655,
      "max_exports": 438.148347907148,
      "quarters_active": 9,
      "growth_rate": 0.04231682979634077,
      "share_percentage": 59.01115991542017
    },
    {
      "sitc_section": "0",
      "description": "Food and live animals",
      "quarterly_values": {
        "2023Q1": 106.342983804081,
        "2023Q2": 74.6218162158154,
        "2023Q3": 89.3506070790754,
        "2023Q4": 103.811659593406,
        "2024Q1": 76.2089869169142,
        "2024Q2": 73.4313251923118,
        "2024Q3": 99.1669235314095,
        "2024Q4": 103.124930087838,
        "2025Q1": 82.5544956771615
      },
      "total_exports": 808.6137280980128,
      "average_exports": 89.84596978866809,
      "max_exports": 106.342983804081,
      "quarters_active": 9,
      "growth_rate": -0.027742457938695675,
      "share_percentage": 18.095379067766174
    },
    {
      "sitc_section": "2",
      "description": "Crude materials, inedible, except fuels",
      "quarterly_values": {
        "2023Q1": 59.6788270495293,
        "2023Q2": 58.587357702737,
        "2023Q3": 62.2266756311803,
        "2023Q4": 51.1869571304701,
        "2024Q1": 56.4991138371048,
        "2024Q2": 56.3759677541344,
        "2024Q3": 67.9065244817662,
        "2024Q4": 58.76,
        "2025Q1": 60.1689671627969
      },
      "total_exports": 531.390390749719,
      "average_exports": 59.04337674996878,
      "max_exports": 67.9065244817662,
      "quarters_active": 9,
      "growth_rate": 0.000909237779622929,
      "share_percentage": 11.891599436732571
    },
    {
      "sitc_section": "6",
      "description": "Manufactured goods classified chiefly by material",
      "quarterly_values": {
        "2023Q1": 29.5233529534361,
        "2023Q2": 28.7637448250652,
        "2023Q3": 28.6065346403558,
        "2023Q4": 24.6321413500521,
        "2024Q1": 27.1862573470504,
        "2024Q2": 35.3474032527065,
        "2024Q3": 30.725478447243,
        "2024Q4": 34.8720481927779,
        "2025Q1": 32.2460836284898
      },
      "total_exports": 271.9030446371768,
      "average_exports": 30.211449404130754,
      "max_exports": 35.3474032527065,
      "quarters_active": 9,
      "growth_rate": 0.009849862831548428,
      "share_percentage": 6.08472066627229
    },
    {
      "sitc_section": "8",
      "description": "Miscellaneous manufactured articles",
      "quarterly_values": {
        "2023Q1": 4.85849799462795,
        "2023Q2": 8.49641006755747,
        "2023Q3": 8.77284824485784,
        "2023Q4": 6.35170075276936,
        "2024Q1": 4.97559915849975,
        "2024Q2": 9.74397300141779,
        "2024Q3": 9.46084249099991,
        "2024Q4": 8.32320465715923,
        "2025Q1": 5.70277947117893
      },
      "total_exports": 66.68585583906824,
      "average_exports": 7.409539537674247,
      "max_exports": 9.74397300141779,
      "quarters_active": 9,
      "growth_rate": 0.017962117963049806,
      "share_percentage": 1.4923143126752385
    },
    {
      "sitc_section": "4",
      "description": "Animals and vegetable oils, fats & waxes",
      "quarterly_values": {
        "2023Q1": 0.715457598139186,
        "2023Q2": 2.41326619909253,
        "2023Q3": 2.86626424444869,
        "2023Q4": 1.1139566072414,
        "2024Q1": 2.86688211842086,
        "2024Q2": 4.56229533384612,
        "2024Q3": 12.0391727475826,
        "2024Q4": 23.3963840543523,
        "2025Q1": 12.8530273452772
      },
      "total_exports": 62.82670624840088,
      "average_exports": 6.980745138711209,
      "max_exports": 23.3963840543523,
      "quarters_active": 9,
      "growth_rate": 0.37841557021614447,
      "share_percentage": 1.4059532081134867
    },
    {
      "sitc_section": "5",
      "description": "Chemicals & related products, n.e.s.",
      "quarterly_values": {
        "2023Q1": 4.39918130507033,
        "2023Q2": 3.57954665846874,
        "2023Q3": 3.69772778338673,
        "2023Q4": 4.51135897381437,
        "2024Q1": 4.17222944574201,
        "2024Q2": 4.87261486320526,
        "2024Q3": 4.87933297389197,
        "2024Q4": 4.87797166069729,
        "2025Q1": 6.39457467496402
      },
      "total_exports": 41.38453833924072,
      "average_exports": 4.598282037693413,
      "max_exports": 6.39457467496402,
      "quarters_active": 9,
      "growth_rate": 0.042434717800865274,
      "share_percentage": 0.9261145127408623
    },
    {
      "sitc_section": "7",
      "description": "Machinery and transport equipment",
      "quarterly_values": {
        "2023Q1": 5.36264168020748,
        "2023Q2": 4.64707418390438,
        "2023Q3": 3.1443110281275,
        "2023Q4": 2.83748885973029,
        "2024Q1": 4.06497871369965,
        "2024Q2": 1.48895030482064,
        "2024Q3": 7.07282704672124,
        "2024Q4": 4.90336570198443,
        "2025Q1": 2.54076687366954
      },
      "total_exports": 36.06240439286515,
      "average_exports": 4.0069338214294605,
      "max_exports": 7.07282704672124,
      "quarters_active": 9,
      "growth_rate": -0.07964790688614043,
      "share_percentage": 0.8070143443135721
    },
    {
      "sitc_section": "3",
      "description": "Mineral fuels, lubricants and related materials",
      "quarterly_values": {
        "2023Q1": 0.735056922277082,
        "2023Q2": 0.60001376615377,
        "2023Q3": 1.13786544550182,
        "2023Q4": 1.71487839085343,
        "2024Q1": 0.271487478580958,
        "2024Q2": 0.776697738878726,
        "2024Q3": 0.983005785677124,
        "2024Q4": 0.94069921313242,
        "2025Q1": 0.854717151464938
      },
      "total_exports": 8.014421892520268,
      "average_exports": 0.8904913213911408,
      "max_exports": 1.71487839085343,
      "quarters_active": 9,
      "growth_rate": 0.016899277027409454,
      "share_percentage": 0.17934892410901507
    },
    {
      "sitc_section": "1",
      "description": "Beverages and tobacco",
      "quarterly_values": {
        "2023Q1": 0.213008656533043,
        "2023Q2": 0.337233001201293,
        "2023Q3": 0.264256482612853,
        "2023Q4": 0.32929998419526,
        "2024Q1": 1.99130449150337,
        "2024Q2": 0.0811512522083426,
        "2024Q3": 0.0757239082603759,
        "2024Q4": 0.101611494876921,
        "2025Q1": 1.19491848179497
      },
      "total_exports": 4.588507753186429,
      "average_exports": 0.5098341947984921,
      "max_exports": 1.99130449150337,
      "quarters_active": 9,
      "growth_rate": 0.21119946260069256,
      "share_percentage": 0.10268288091595233
    }
  ],
  "total_commodities": 10,
  "top_commodities": [
    {
      "sitc_section": "9",
      "description": "Other commodities & transactions, n.e.s",
      "quarterly_values": {
        "2023Q1": 190.283651923828,
        "2023Q2": 302.692883632857,
        "2023Q3": 188.01380855229,
        "2023Q4": 202.617472678406,
        "2024Q1": 253.370021985635,
        "2024Q2": 350.854301818733,
        "2024Q3": 434.692334665867,
        "2024Q4": 438.148347907148,
        "2025Q1": 276.311671047685
      },
      "total_exports": 2636.984494212449,
      "average_exports": 292.99827713471655,
      "max_exports": 438.148347907148,
      "quarters_active": 9,
      "growth_rate": 0.04231682979634077,
      "share_percentage": 59.01115991542017
    },
    {
      "sitc_section": "0",
      "description": "Food and live animals",
      "quarterly_values": {
        "2023Q1": 106.342983804081,
        "2023Q2": 74.6218162158154,