{
  "continents": {
    "ASIA": {
      "continent": "ASIA",
      "quarterly_exports": {
        "2023Q1": 271.54,
        "2023Q2": 375.24,
        "2023Q3": 265.52,
        "2023Q4": 270.73,
        "2024Q1": 322.591072557361,
        "2024Q2": 420.283575336795,
        "2024Q3": 512.36,
        "2024Q4": 513.36,
        "2025Q1": 345.314305214828
      },
      "total_exports": 3296.938953108984,
      "average_exports": 366.3265503454426,
      "max_exports": 513.36,
      "quarters_active": 9,
      "growth_rate": 0.027064839433927013,
      "share_percentage": 73.77980121623644
    },
    "AFRICA": {
      "continent": "AFRICA",
      "quarterly_exports": {
        "2023Q1": 89.7498640345388,
        "2023Q2": 72.3117115371498,
        "2023Q3": 83.8611036906078,
        "2023Q4": 71.6351728012361,
        "2024Q1": 70.2,
        "2024Q2": 69.1582835659333,
        "2024Q3": 85.6300578069096,
        "2024Q4": 99.0138737990356,
        "2025Q1": 83.4112915459221
      },
      "total_exports": 724.9713587813332,
      "average_exports": 80.55237319792589,
      "max_exports": 99.0138737990356,
      "quarters_active": 9,
      "growth_rate": -0.008105066713752218,
      "share_percentage": 16.223607260884414
    },
    "EUROPE": {
      "continent": "EUROPE",
      "quarterly_exports": {
        "2023Q1": 37.8748669121898,
        "2023Q2": 34.8328908951437,
        "2023Q3": 32.3516968217028,
        "2023Q4": 46.7561079753294,
        "2024Q1": 34.5624681878895,
        "2024Q2": 42.52,
        "2024Q3": 59.9239032369201,
        "2024Q4": 53.9620758334099,
        "2025Q1": 38.7124759453538
      },
      "total_exports": 381.496485807939,
      "average_exports": 42.38849842310433,
      "max_exports": 59.9239032369201,
      "quarters_active": 9,
      "growth_rate": 0.002433419746830534,
      "share_percentage": 8.53723265365905
    },
    "AMERICA": {
      "continent": "AMERICA",
      "quarterly_exports": {
        "2023Q1": 2.62,
        "2023Q2": 2.31909100444564,
        "2023Q3": 5.77634521110352,
        "2023Q4": 9.27670744637972,
        "2024Q1": 4.25660972963266,
        "2024Q2": 5.6140453361487,
        "2024Q3": 8.36867830360731,
        "2024Q4": 10.182542164775,
        "2025Q1": 13.27
      },
      "total_exports": 61.68401919609255,
      "average_exports": 6.85377991067695,
      "max_exports": 13.27,
      "quarters_active": 9,
      "growth_rate": 0.19752755317465076,
      "share_percentage": 1.3803818448669287
    },
    "OCEANIA": {
      "continent": "OCEANIA",
      "quarterly_exports": {
        "2023Q1": 0.363538779392284,
        "2023Q2": 0.0395081832164905,
        "2023Q3": 0.60706187166318,
        "2023Q4": 0.711748503223844,
        "2024Q1": 0.0,
        "2024Q2": 0.0667704724461538,
        "2024Q3": 0.725716326720568,
        "2024Q4": 0.924838020005161,
        "2025Q1": 0.115664649956785
      },
      "total_exports": 3.5548468066244663,
      "average_exports": 0.3949829785138296,
      "max_exports": 0.924838020005161,
      "quarters_active": 9,
      "growth_rate": -0.11948070310380843,
      "share_percentage": 0.07955133366955494
    }
  },
  "total_continents": 5,
  "top_continent": {
    "continent": "ASIA",
    "quarterly_exports": {
      "2023Q1": 271.54,
      "2023Q2": 375.24,
      "2023Q3": 265.52,
      "2023Q4": 270.73,
      "2024Q1": 322.591072557361,
      "2024Q2": 420.283575336795,
      "2024Q3": 512.36,
      "2024Q4": 513.36,
      "2025Q1": 345.314305214828
    },
    "total_exports": 3296.938953108984,
    "average_exports": 366.3265503454426,
    "max_exports": 513.36,
    "quarters_active": 9,
    "growth_rate": 0.027064839433927013,
    "share_percentage": 73.77980121623644
  },
  "summary": {
    "total_continents": 5,
    "most_important_continent": "ASIA",
    "continental_diversity": 4
  }
}