{
  "countries": [
    {
      "country": "United Arab Emirates",
      "quarterly_values": {
        "2023Q1": 211.595476809125,
        "2023Q2": 321.566735189851,
        "2023Q3": 203.485996869734,
        "2023Q4": 215.066388887803,
        "2024Q1": 268.672714690944,
        "2024Q2": 360.61973692744,
        "2024Q3": 447.012999916496,
        "2024Q4": 442.548669712864,
        "2025Q1": 288.749924910146
      },
      "total_exports": 2759.318643914403,
      "average_exports": 306.59096043493366,
      "max_exports": 447.012999916496,
      "quarters_active": 9,
      "growth_rate": 0.03514627167175899,
      "share_percentage": 61.74878696139754
    },
    {
      "country": "Democratic Republic of the Congo",
      "quarterly_values": {
        "2023Q1": 44.3196283343349,
        "2023Q2": 38.177690325724,
        "2023Q3": 51.1210740134438,
        "2023Q4": 47.007099306209,
        "2024Q1": 51.0252570057627,
        "2024Q2": 47.5266313327601,
        "2024Q3": 62.1681683192765,
        "2024Q4": 72.1463039688808,
        "2025Q1": 54.9557918827469
      },
      "total_exports": 468.4476444891387,
      "average_exports": 52.04973827657097,
      "max_exports": 72.1463039688808,
      "quarters_active": 9,
      "growth_rate": 0.02418805575961369,
      "share_percentage": 10.483049453503291
    },
    {
      "country": "China",
      "quarterly_values": {
        "2023Q1": 21.4901049438301,
        "2023Q2": 19.4292221272393,
        "2023Q3": 23.4162930338246,
        "2023Q4": 19.1028561963308,
        "2024Q1": 17.7477313276392,
        "2024Q2": 23.3178690669575,
        "2024Q3": 22.8343454507368,
        "2024Q4": 20.4273122779823,
        "2025Q1": 23.4481209905534
      },
      "total_exports": 191.213855415094,
      "average_exports": 21.245983935010443,
      "max_exports": 23.4481209905534,
      "quarters_active": 9,
      "growth_rate": 0.009735727864946142,
      "share_percentage": 4.27903593089352
    },
    {
      "country": "Luxembourg",
      "quarterly_values": {
        "2023Q1": 2.11161920880837,
        "2023Q2": 3.6188236790017,
        "2023Q3": 2.38361360046621,
        "2023Q4": 8.00945237371573,
        "2024Q1": 12.0725440188477,
        "2024Q2": 15.4800678246327,
        "2024Q3": 13.7688111712155,
        "2024Q4": 14.1043030926084,
        "2025Q1": 11.979704451952
      },
      "total_exports": 83.52893942124831,
      "average_exports": 9.28099326902759,
      "max_exports": 15.4800678246327,
      "quarters_active": 9,
      "growth_rate": 0.2127155446779594,
      "share_percentage": 1.8692334416721117
    },
    {
      "country": "United Kingdom",
      "quarterly_values": {
        "2023Q1": 11.7584217799382,
        "2023Q2": 9.58152091928097,
        "2023Q3": 7.74286231557389,
        "2023Q4": 7.95072722962646,
        "2024Q1": 7.62129131536845,
        "2024Q2": 7.91076864375433,
        "2024Q3": 10.9075301102031,
        "2024Q4": 9.31081286638979,
        "2025Q1": 9.26239292802537
      },
      "total_exports": 82.04632810816057,
      "average_exports": 9.116258678684508,
      "max_exports": 11.7584217799382,
      "quarters_active": 9,
      "growth_rate": -0.026163566555125972,
      "share_percentage": 1.8360551603886788
    },
    {
      "country": "Hong Kong",
      "quarterly_values": {
        "2023Q1": 10.5971055779699,
        "2023Q2": 13.1667719092658,
        "2023Q3": 10.4378719456183,
        "2023Q4": 9.84980391015448,
        "2024Q1": 5.52505364351397,
        "2024Q2": 4.72533371707081,
        "2024Q3": 8.52487080234067,
        "2024Q4": 5.88858133364963,
        "2025Q1": 5.38713291598057
      },
      "total_exports": 74.10252575556413,
      "average_exports": 8.233613972840459,
      "max_exports": 13.1667719092658,
      "quarters_active": 9,
      "growth_rate": -0.07241809069076921,
      "share_percentage": 1.6582865796501856
    },
    {
      "country": "Pakistan",
      "quarterly_values": {
        "2023Q1": 9.87932934222111,
        "2023Q2": 7.02360030062636,
        "2023Q3": 8.17950436759671,
        "2023Q4": 5.27269853115205,
        "2024Q1": 7.75755381889222,
        "2024Q2": 7.2790304533703,
        "2024Q3": 6.22246476809412,
        "2024Q4": 4.12050369142907,
        "2025Q1": 8.2445972841131
      },
      "total_exports": 63.97928255749504,
      "average_exports": 7.108809173055004,
      "max_exports": 9.87932934222111,
      "quarters_active": 9,
      "growth_rate": -0.01989787346178773,
      "share_percentage": 1.4317458758519417
    },
    {
      "country": "United States",
      "quarterly_values": {
        "2023Q1": 2.36472816273164,
        "2023Q2": 2.1279334090145,
        "2023Q3": 5.48607049545093,
        "2023Q4": 8.77847987795065,
        "2024Q1": 4.11762206727941,
        "2024Q2": 5.54904232781041,
        "2024Q3": 8.16243610722111,
        "2024Q4": 8.96866253380225,
        "2025Q1": 10.7306515221459
      },
      "total_exports": 56.2856265034068,
      "average_exports": 6.253958500378533,
      "max_exports": 10.7306515221459,
      "quarters_active": 9,
      "growth_rate": 0.18299460236923704,
      "share_percentage": 1.2595751373669455
    },
    {
      "country": "Uganda",
      "quarterly_values": {
        "2023Q1": 12.3647582340831,
        "2023Q2": 9.33727014422271,
        "2023Q3": 8.83212155825668,
        "2023Q4": 3.99147573209409,
        "2024Q1": 0.895302985384349,
        "2024Q2": 2.27077565990564,
        "2024Q3": 4.53027596215451,
        "2024Q4": 7.5039074536482,
        "2025Q1": 5.87756543584698
      },
      "total_exports": 55.603453165596264,
      "average_exports": 6.178161462844029,
      "max_exports": 12.3647582340831,
      "quarters_active": 9,
      "growth_rate": -0.07931211791774395,
      "share_percentage": 1.2443092759195515
    },
    {
      "country": "Netherlands",
      "quarterly_values": {
        "2023Q1": 8.21843057186928,
        "2023Q2": 3.80992789602766,
        "2023Q3": 2.92289916169917,
        "2023Q4": 3.31434377731626,
        "2024Q1": 2.86004392022368,
        "2024Q2": 4.98382451172176,
        "2024Q3": 6.76898278363554,
        "2024Q4": 5.75767665770076,
        "2025Q1": 4.93276534233055
      },
      "total_exports": 43.56889462252466,
      "average_exports": 4.8409882913916285,
      "max_exports": 8.21843057186928,
      "quarters_active": 9,
      "growth_rate": -0.05514135589163316,
      "share_percentage": 0.9749966348117465
    },
    {
      "country": "India",
      "quarterly_values": {
        "2023Q1": 4.3073492450872,
        "2023Q2": 3.63223163333436,
        "2023Q3": 2.89095912737387,
        "2023Q4": 3.84113998786506,
        "2024Q1": 5.1421268498039,
        "2024Q2": 5.81650872840351,
        "2024Q3": 2.62838449096371,
        "2024Q4": 6.18091532244687,
        "2025Q1": 3.09480204510119
      },
      "total_exports": 37.53441743037967,
      "average_exports": 4.170490825597741,
      "max_exports": 6.18091532244687,
      "quarters_active": 9,
      "growth_rate": -0.03606671577922138,
      "share_percentage": 0.8399554544888505
    },
    {
      "country": "South Sudan",
      "quarterly_values": {
        "2023Q1": 13.3919272451236,
        "2023Q2": 4.09129547426834,
        "2023Q3": 3.63892206880131,
        "2023Q4": 2.35191097097588,
        "2024Q1": 1.34718376491546,
        "2024Q2": 1.80839838908963,
        "2024Q3": 1.42349348547294,
        "2024Q4": 2.82811501740166,
        "2025Q1": 2.67967207359815
      },
      "total_exports": 33.56091848964697,
      "average_exports": 3.7289909432941073,
      "max_exports": 13.3919272451236,
      "quarters_active": 9,
      "growth_rate": -0.16370434384523724,
      "share_percentage": 0.7510354089102894
    },
    {
      "country": "Egypt",
      "quarterly_values": {
        "2023Q1": 4.87124538136181,
        "2023Q2": 2.95684002075206,
        "2023Q3": 3.17956638741943,
        "2023Q4": 3.2389061439308,