{
  "quarters": [
    "2023Q1",
    "2023Q2",
    "2023Q3",
    "2023Q4",
    "2024Q1",
    "2024Q2",
    "2024Q3",
    "2024Q4",
    "2025Q1"
  ],
  "export_values": [
    402.14,
    484.74,
    388.11,
    399.11,
    431.61,
    537.64,
    667.0,
    677.45,
    480.82
  ],
  "total_exports": 4468.62,
  "average_quarterly": 496.5133333333333,
  "max_quarterly": 677.45,
  "min_quarterly": 388.11,
  "volatility": 104.47622611016453
}