{
  "regions": {
    "COMESA": {
      "region": "COMESA",
      "quarterly_exports": {
        "2023Q2": 67.797562751196,
        "2023Q3": 58.3781724553387,
        "2023Q4": 72.0954174017716,
        "2024Q1": 61.817258300387,
        "2024Q2": 60.7545474148675,
        "2024Q3": 60.3603412458839,
        "2024Q4": 79.3893574984866,
        "2025Q1": 90.0951460778718
      },
      "total_exports": 550.6878031458031,
      "average_exports": 68.83597539322538,
      "max_exports": 90.0951460778718,
      "quarters_active": 8,
      "growth_rate": 0.03618169059678933,
      "share_percentage": 12.323442206896157
    },
    "CEPGL": {
      "region": "CEPGL",
      "quarterly_exports": {
        "2023Q2": 46.5847523503978,
        "2023Q3": 41.899510512663,
        "2023Q4": 56.3032209766832,
        "2024Q1": 52.4738258023751,
        "2024Q2": 52.1902333334087,
        "2024Q3": 49.7108890314425,
        "2024Q4": 65.1940142899081,
        "2025Q1": 74.5885415284784
      },
      "total_exports": 438.9449878253568,
      "average_exports": 54.8681234781696,
      "max_exports": 74.5885415284784,
      "quarters_active": 8,
      "growth_rate": 0.06060468335786329,
      "share_percentage": 9.822830937187696
    },
    "SADC": {
      "region": "SADC",
      "quarterly_exports": {
        "2023Q2": 46.8655420464111,
        "2023Q3": 39.9230295201047,
        "2023Q4": 54.4212214241141,
        "2024Q1": 48.3227880302818,
        "2024Q2": 55.0702177438426,
        "2024Q3": 48.964228868138,
        "2024Q4": 64.8027744923063,
        "2025Q1": 74.7168230361627
      },
      "total_exports": 433.08662516136127,
      "average_exports": 54.13582814517016,
      "max_exports": 74.7168230361627,
      "quarters_active": 8,
      "growth_rate": 0.060035949915535625,
      "share_percentage": 9.69173089592226
    },
    "COMMON WEALTH": {
      "region": "COMMON WEALTH",
      "quarterly_exports": {
        "2023Q2": 45.1934487393862,
        "2023Q3": 35.4706040321467,
        "2023Q4": 36.8331737177105,
        "2024Q1": 29.7202693089284,
        "2024Q2": 29.2820443716846,
        "2024Q3": 32.4637305418315,
        "2024Q4": 35.4434206748727,
        "2025Q1": 38.9394652322679
      },
      "total_exports": 283.3461566188285,
      "average_exports": 35.41826957735356,
      "max_exports": 45.1934487393862,
      "quarters_active": 8,
      "growth_rate": -0.018445739718475074,
      "share_percentage": 6.340797754537833
    },
    "EU": {
      "region": "EU",
      "quarterly_exports": {
        "2023Q2": 21.1391060703332,
        "2023Q3": 21.6826793954536,
        "2023Q4": 19.0662001096547,
        "2024Q1": 28.4449031881989,
        "2024Q2": 25.6693290214341,
        "2024Q3": 31.7425351345638,
        "2024Q4": 42.4038893739922,
        "2025Q1": 42.1108664549101
      },
      "total_exports": 232.2595087485406,
      "average_exports": 29.032438593567576,
      "max_exports": 42.4038893739922,
      "quarters_active": 8,
      "growth_rate": 0.08996723981291721,
      "share_percentage": 5.197566782329681
    },
    "ECOWAS": {
      "region": "ECOWAS",
      "quarterly_exports": {
        "2023Q2": 0.358335637284346,
        "2023Q3": 0.608820108455755,
        "2023Q4": 0.329035901485071,
        "2024Q1": 0.494386114309946,
        "2024Q2": 0.229275194014264,
        "2024Q3": 0.0879173913306131,
        "2024Q4": 0.285120555353647,
        "2025Q1": 0.316643694049844
      },
      "total_exports": 2.7095345962834863,
      "average_exports": 0.3386918245354358,
      "max_exports": 0.608820108455755,
      "quarters_active": 8,
      "growth_rate": -0.015342699541897598,
      "share_percentage": 0.06063470593345343
    }
  },
  "total_regions": 6,
  "top_region": {
    "region": "COMESA",
    "quarterly_exports": {
      "2023Q2": 67.797562751196,
      "2023Q3": 58.3781724553387,
      "2023Q4": 72.0954174017716,
      "2024Q1": 61.817258300387,
      "2024Q2": 60.7545474148675,
      "2024Q3": 60.3603412458839,
      "2024Q4": 79.3893574984866,
      "2025Q1": 90.0951460778718
    },
    "total_exports": 550.6878031458031,
    "average_exports": 68.83597539322538,
    "max_exports": 90.0951460778718,
    "quarters_active": 8,
    "growth_rate": 0.03618169059678933,
    "share_percentage": 12.323442206896157
  },
  "summary": {
    "total_regional_blocks": 6,
    "most_important_region": "COMESA",
    "regional_concentration": 31.838004040006112
  }
}