{
  "time_series": {
    "exports_trend": {
      "slope": 26.521666666666654,
      "intercept": 354.4399999999999,
      "r_squared": 0.4514396625814445,
      "trend_values": [
        354.4399999999999,
        380.96166666666653,
        407.4833333333332,
        434.0049999999999,
        460.52666666666653,
        487.0483333333332,
        513.5699999999998,
        540.0916666666665,
        566.6133333333331
      ]
    },
    "imports_trend": {
      "slope": 11.312666666666647,
      "intercept": 944.5382222222219,
      "r_squared": 0.09520886105398207,
      "trend_values": [
        944.5382222222219,
        955.8508888888886,
        967.1635555555551,
        978.4762222222218,
        989.7888888888884,
        1001.1015555555551,
        1012.4142222222217,
        1023.7268888888884,
        1035.0395555555551
      ]
    },
    "trade_deficit_trend": {
      "slope": 15.208999999999998,
      "intercept": -590.098222222222,
      "r_squared": 0.334043724542319,
      "trend_values": [
        -590.098222222222,
        -574.8892222222221,
        -559.680222222222,
        -544.4712222222221,
        -529.262222222222,
        -514.0532222222221,
        -498.844222222222,
        -483.63522222222207,
        -468.42622222222207
      ]
    },
    "seasonal_analysis": {
      "exports": {
        "seasonal_component": [
          -22.570781250000024,
          16.40546874999997,
          35.67234375000005,
          -29.507031249999997,
          -22.570781250000024,
          16.40546874999997,
          35.67234375000005,
          -29.507031249999997,
          -22.570781250000024
        ],
        "trend_component": [
          null,
          null,
          385.05125,
          396.1775,
          437.74125000000004,
          506.545,
          547.8749999999999,
          null,
          null
        ],
        "residual_component": [
          null,
          null,
          -71.10359375000003,
          -13.990468750000005,
          -13.990468750000005,
          -13.990468750000005,
          43.12265625000002,
          null,
          null
        ]
      },
      "imports": {
        "seasonal_component": [
          -108.210625,
          43.97312500000015,
          79.4143749999999,
          -15.176875000000052,
          -108.210625,
          43.97312500000015,
          79.4143749999999,
          -15.176875000000052,
          -108.210625
        ],
        "trend_component": [
          null,
          null,
          953.42875,
          965.76125,
          999.415,
          1036.59125,
          1051.8312500000002,
          null,
          null
        ],
        "residual_component": [
          null,
          null,
          -30.36312499999991,
          -1.6843749999999886,
          -1.6843749999999886,
          -1.6843749999999886,
          26.994374999999934,
          null,
          null
        ]
      }
    },
    "stationarity_tests": {
      "exports": {
        "adf_statistic": -12.122027133713472,
        "p_value": 1.8160319962407034e-22,
        "critical_values": {
          "1%": -5.354256481481482,
          "5%": -3.6462381481481483,
          "10%": -2.901197777777778
        },
        "stationary": true
      },
      "imports": {
        "adf_statistic": -2.831926926396329,
        "p_value": 0.05385596803724568,
        "critical_values": {
          "1%": -4.9386902332361515,
          "5%": -3.477582857142857,
          "10%": -2.8438679591836733
        },
        "stationary": false
      }
    },
    "forecast_next_4_quarters": {
      "exports": {
        "forecast_values": [
          543.9144026142616,
          539.4817063693718,
          529.352537245215,
          458.4401110097975
        ],
        "model_params": {
          "alpha": 0.9999988521084155,
          "beta": null,
          "gamma": 0.0
        },
        "model_fit": {
          "aic": 89.45462999552805,
          "bic": 90.63797745954537
        }
      },
      "imports": {
        "forecast_values": [
          999.2925677178193,
          1061.8197485318633,
          1005.5610488930571,
          869.7900012664339
        ],
        "model_params": {
          "alpha": 0.9999999850988388,
          "beta": null,
          "gamma": 5.931614810666916e-10
        },
        "model_fit": {
          "aic": 82.37332564191212,
          "bic": 83.55667310592943
        }
      }
    }
  }
}